category,genome/assembly,HMM,orf,protein_sequence
iron_aquisition-siderophore_transport_potential,ST-45.fas,TonB-family,16241_142,MKNYGLSNLNSFLLALAIYISIVILVFFRLVSEVEPAIQYTDIKDSFVDIELAEPSKQVITQSNTPKEIQKPTEQIDIEKLFAQTTNKTVKTEDIDQKASNFNELFGNIKEIQEEKTTKIQSSAKSGASSAPKPQASELVKQLNDSLLQEESSTQGESTKAQKIGIYDEFLGKVVRIITQRWTQYYPNSEKISVKVKIFIDENGKFGYTSVEKSGNPLYDAKVAEFLESQKGKFITYPPQNKNISITMNLRDEAKVKND*
iron_aquisition-siderophore_transport,ST-45.fas,FpvE-family-permease,16241_169,MLEILNFTFFQNALLGAILVSIACGIIGTLVMINRLFSMAGGITHGAFGGIGIAFYFSLPILLSTGIFTLFLAFLVAFLAKHYEHRSDSIIAVIWAFGMAVGIILIDLSPSYNTDLMAYLFGSILAVGTQDLWLMALVDSVVVLLIFLFYRQFEALSFDAEFAKVRGINTSFFHYLLIALMAFCIVISIRLVGLILVMALLSIPSFIAENFTKRLGFIMILASFLSMIFCVLGLILSYYLNLSSGACIIAVACFGFLVHLIGKFLKR*
iron_aquisition-siderophore_transport,ST-45.fas,FpvC-family-siderophore-transport,16241_171,MKKIILFILSLGIFYTFTQAKNLEQEQNTSSNLVSVSIAPQAFFVKKIAADTLDVNVILPPNSNEHNFEFKPNTMKKLEKSDIYFTIGLEFEKVFTDKFKQNFPKLQVVNMQKNIALIQTHDTHEHSHEHEHHEHEHFDPHTWLDPILVQTMALNIYDALIQKYPQNKNLYKQNLDKFLAELDSLNLQIASKLEKLKNREFVVYHPSWTYFAKRYNLTQIPVEILGKEPKSKDLQKLITLMKDKNLKVIFVQNGFPENATKTLAKECDAKIYKIDHLSYDWENELLKTTDAFSHNL*
iron_gene_regulation,ST-45.fas,PF01475-Iron_dependent_repressor-fur_family,16241_315,MLKKHELKATPQRLCVLKILKRHEHPNIDELYTEIKKEYPSISLATVYKNLNTLQEQGLVVEINVLNQKTCYDIYEEEHIHVVCTKCGGIEDLSFKDAKLYEYQEHLEKKIGNLVNHLSVCAYVDSCKKCH*
iron_gene_regulation,ST-45.fas,PF01475-Iron_dependent_repressor-fur_family,16241_389,MLIENVEYDVLLERFKKILRQGGLKYTKQREVLLKTLYHSDTHYTPESLYMEIKQAEPDLNVGIATVYRTLNLLEEAEMVTSISFGSAGKKYELANKPHHDHMICKNCGKIIEFENPIIERQQALIAKEHGFKLTGHLMQLYGVCGDCNNQKAKVKI*
iron_aquisition-siderophore_transport,ST-45.fas,PvdR-family-sideropore-export,16241_557,MKKKIVLIILIAILGSVGAYFIFFNNDEKISYLTQKIQKKDISQTIEAVGKVYAKDQVDVGAQVSGQIIKLYVDVGTHVKQGDLIAQIDKDKQQNDLDITKAQLESAKANLESKKVALEIASKQYQREQKLYAAKASSLENLETQKNNYYTLKANVAELNAQVVQLEITLKNAQKDLGYTTITAPMDGVVINVAVDEGQTVNANQNTPTIVRIANLDEMEVRMEIAEADVSKIKVGTELDFSLLNDPQKTYHAKIASIDPADTEVSDSSTSSSSSSSSSSSSSSSNAIYYYAKFYVPNKDDFLRIGMSIQNEIVVASAKAVLAVPTYAIKSDPKGYYVEILENQKAVKKYVKLGIKDSINTQILEGVNENEELIVSSSADGLAPKVKLRF*
iron_aquisition-siderophore_transport,ST-45.fas,PvdT-family-siderophore-export,16241_558,MIFLKNICKNIGENAILKNVSLSIEKGEFVAIIGQSGSGKTSLLNIIGTLDTPSSGTYIFDEYEVTKLNNDEKARLRREKIGFIFQRYNLLSLLSAKENVSLPAVYAGKKLQERSQNAKKLLNDLELAHKLDSKPNELSGGQQQRVSIARALMNGGELILADEPTGALDSKSGIMVLEILQKLNAQGHTIVLVTHDPKIAAQAKRVIEIKDGEILSDTKKEKAQEKLTLKTMSKEKKTLTLLKNQAFECFKIAYSSILAHKLRSVLTMLGIIIGIASVVCVVALGLGSQAKVLESIARLGTNTIEIRPGRGFGDLRSGKTRLNFSDLETLRSLEYLEAVDAHSNTSGVATYTNISLSARAEGVGVNNFAIEGLRIDAGRILNNDDVKNSTNVAVLDFNAKKNLFPDEKSENILGRVVLFNSQPFKIIGVLQKDTDKPIEDNVVRLYIPYTTLMNKLTGDRNLREIIVKVKDDVSSTLAENAIIRILEIKRGQKDFFTFNSDTFKQAITANKRTTTILTACVAVIALIVGGIGVMNIMLVSVSERTREIGIRMAIGARREDIMMQFLIEAVVICTIGAILGVILSIFVIFAFNTLSTDFPMILNAYSVLLGLLSSMFIGVVFGFFPARNAANLNPISALSKE*
iron_storage,ST-45.fas,PF00210-Ferritin_like_domain,16241_563,MLSKEVVKLLNEQINKEMYAANLYLSMSSWCYENSLDGAGAFLFAHASEESDHAKKLITYLNETDSHVELQEVKQPEQNFKSLLDVFEKTYEHEQFITKSINTLVEHMLTHKDYSTFNFLQWYVSEQHEEEALFRGIVDKIKLIGEHGNGLYLADQYIKNIALSRKK*
iron_storage,ST-45.fas,PF00210-Ferritin_like_domain,16241_1301,MSVTKQLLQMQADAHHLWVKFHNYHWNVKGLQFFSIHEYTEKAYEEMAELFDSCAERVLQLGEKAITCQKVLMENAKSPKVAKDCFTPLEVIELIKQDYEYLLAEFKKLNEEAEKESDTTTAAFAQENIAKYEKSLWMIGATLQGACKM*
iron_aquisition-siderophore_synthesis,ST-45.fas,PchH-family-siderophore-synthesis,16241_1332,MLKVCNLSKFYELKKHWYLKKERHIIFDNINFSLNENDNLIILGKSGAGKSTLARILCFLEDPSEGEVWYENLNLHKLDKNKQRLLRKQIQYCFQDQKMALNPYKKIKNLIQDGLENFNLQKNDDLILEFFDFFSLKKQILKQKPYELSGGEATRVGLIRALVLNPKLLILDEITSALDIKTSKEILTFLYDYQQKNNISYIFITHQSDLFYKFNHKKLKL*
iron_aquisition-siderophore_synthesis,ST-45.fas,PchI-family-siderophore-synthesis,16241_1333,MKVRNLNISLKNNLLLKDINLDIKTGKTLMILGQSGVGKSLLGKALVRLLDSNFTISFDELSFHNSCIFNFNKEELRNFRSKVALVLQDAELSLYPYLDIGNLCHLVLKTHTKLKQKERKDYAFSYFQKLGFENLDRLWHSYANELSLGMARRVSLALALLNQPQILICDEITASLDKENASKIISILEELKNTTALVCITHDLNLVNSLADEILMLEKNSSNLYSLNEFLRYYNA*
iron_aquisition-siderophore_synthesis,ST-45.fas,PvdE-family-siderophore-synthesis,16241_1338,MPFIMELLKQNKLKLISFLLFSFITSAVGVLTLVFINDYLLKNAQNIPIFYFIVLLLIFFISSTIVELGLSIFGQNFIFKMQRRVVKQILDTPLLRVAKVGKARILASLGSDVRNISFGLLRLPDFLQSSILILCTSVYLCYLSPQIFVLCVVWIMVIFITNNFLMMKVYQYFRKARENDDALQNNYQNILDGHKELLINRDRAKLYYEDEFENNARLKKKNSTLGNLFNNLSNNWTNVTLLALVGVEFYLALKFEWASVADATTIALSILFLRTPLVSMIGSFPTLLLAKIALDKIAKLELDDYIEGFKKTHYISEWKKISFRNTQFAYEENFHLNPVNIELKKGELVFLIGKNGSGKSTFCMLLTGLFKPSKGGIYVDDTLIDDKKLDEYRSLISAVFSDFHLFTKTLNKENFASEEKIAFWLEFLELKDKTSVKDNELTLTKLSTGQKKRLAMLIALLEERDILVLDEWAADQDPVFRRFFYKKLLPLLKEQGKTIFAITHDDAYFDSADRIFLAQNGEISELKGENIKELAKNLVEKFD*
iron_aquisition-siderophore_transport,ST-45.fas,FpvC-family-siderophore-transport,56424_173,MKKIILFILSLGIFYTFTQAKNLEQEQNTSSNLVSVSIAPQAFFVKKIAADTLDVNVILPPNSNEHNFEFKPSTMKKLEKSDIYFTIGLEFEKVFTDKFKQNFPKLQVVNMQKNIALIQTHDTHEHSHEHEEHEHFDPHTWLDPILVQTMALNIYDALIQKYPQNKNLYKQNLDKFLAELDSLNLQIASKLEKLKNRDFVVYHPSWTYFAKRYNLTQIPVEILGKEPKSKDLQKLITLMKDKNLKVIFVQNGFPENAAKTLAKECDAKIYKIDHLSYDWENELLKTADAFSHNL*
iron_gene_regulation,ST-45.fas,PF01475-Iron_dependent_repressor-fur_family,56424_316,MLKKHELKATPQRLCVLKILKRHEHPNIDELYTEIKKEYPSISLATVYKNLNTLQEQGLVVEINVLNQKTCYDIYEEEHIHVVCAKCGGIEDLSFKDAKLYEYQEHLEKKIGNLVNHLSVCAYVDSCKKCH*
iron_aquisition-siderophore_transport,ST-45.fas,PvdT-family-siderophore-export,56424_561,MIFLKNICKNIGENAILKNVSLSIEKGEFVAIIGQSGSGKTSLLNIIGTLDTPSSGTYIFDEYEVTKLNNDEKARLRREKIGFIFQRYNLLSLLSAKENVSLPAVYAGKKLQERSQNAKKLLNDLELAHKLDSKPNELSGGQQQRVSIARALMNGGELILADEPTGALDSKSGIMVLEILQKLNAQGHTIVLVTHDPKIAAQAKRVIEIKDGEILSDTKKEKAQEKLTLKTMSKEKKTLTLLKNQAFECFKIAYSSILAHKLRSVLTMLGIIIGIASVVCVVALGLGSQAKVLESIARLGTNTIEIRPGRGFGDLRSGKTRLNFSDLETLRSLEYLEAVDAHSNTSGVATYTNISLSARAEGVGVNNFAIEGLRIDAGRILNNDDVKNSTNVAVLDFNAKKNLFPDEKSENILGRVVLFNSQPFKIIGVLQKDTDKPIEDNVVRLYIPYTTLMNKLTGDRNLREIIVKVKDDVSSTLAENAIIRILEIKRGQKDFFTFNSDTFKQAITANKRTTTILTACVAVIALIVGGIGVMNIMLVSVSERTREIGIRMAIGARREDIMMQFLIEAVMICTIGAILGVILSIFVIFAFNTLSTDFPMILNAYSVLLGLLSSMFIGVVFGFFPARNAANLNPISALSKE*
iron_storage,ST-45.fas,PF00210-Ferritin_like_domain,56424_1315,MSVTKQLLQMQADAHHLWVKFHNYHWNVKGLQFFSIHEYTEKAYEEMAELFDSCAERVLQLGEKAITCQKVLMENAKSPKVAKDCFTPLEVIELIKQDYEYLLAEFKKLNEAAEKESDTTTAAFAQENIAKYEKSLWMIGATLQGACKM*
iron_aquisition-siderophore_synthesis,ST-45.fas,PchH-family-siderophore-synthesis,56424_1347,MLKVCNLSKFYELKKHWYLKKERHIIFDNINFSLNENDNLIILGKSGAGKSTLARILCFLEDPSEGEVWYENLNLHKLDKNKQRLLRKQIQYCFQDQKMALNPYKKIKSLIQDGLENFNLQKNDDLILEFFDFFNLKKQILEQKPYELSGGEATRVGIIRALVLNPKLLILDEITSALDIKTSKEILTFLYDYQQKNNISYIFITHQSDLFYKFNHKKLKL*
iron_aquisition-siderophore_synthesis,ST-45.fas,PchI-family-siderophore-synthesis,56424_1348,MKVRNLNISLKNNLLLKDINLDIKTGKTLMILGQSGVGKSLLGKALVRLLDSNFTINFDELSFHNSCIFNFNKEELRNFRSKVALVLQDAELSLYPYLDIGNLCHLVLKTHTKLKQKERKDYAFSYFQKLGFENLDRLWHSYANELSLGMARRVSLALALLNQPQILICDEITASLDKENASKIISILEELKNTTALVCITHDLNLVNSLADEILMLEKNSSNLYSLDEFLRYYNA*
iron_aquisition-siderophore_synthesis,ST-45.fas,PvdE-family-siderophore-synthesis,56424_1353,MPFIMELLKQNKLKLISFLLFSFITSAVGVLTLVFINDYLLKNAQNIPIFYFIVLLLIFFISSTIVELGLSIFGQNFIFKMQRRVVKQILDTPLLRVAKVGKARILASLGSDVRNISFGLLRLPDFLQSSILILCTSVYLCYLSPQIFALCVVWIMVIFITNNFLMMKVYQYFRKARENDDALQNNYQNILDGHKELLINRDRAKLYYEDEFENNARLKKKNSTLGNLFNNLSNNWTNVTLLALVGVEFYLALKFEWASVADATTIALSILFLRTPLVSMIGSFPTLLLAKIALDKIAKLELDDYIEGFKKTHYISEWKKISFRNTQFAYEENFHLNPVNIELKKGELVFLIGKNGSGKSTFCMLLTGLFKPSKGGIYVDDTLIDDKNVDEYRSLISAVFSDFHLFTKTLNKENFASEEKIAFWLEFLELKNKTSVKDNELTLTKLSTGQKKRLAMLIALLEERDILVLDEWAADQDPVFRRFFYKKLLPLLKEQGKTIFAITHDDAYFDSADRIFLAQNGEISELKGENIKELAKNLVEKFD*
iron_aquisition-siderophore_transport_potential,ST-45.fas,TonB-family,56477_141,MKNYGLSNLNSFLLALAIYISIVILVFFRLVSEVEPAIQYTDIKDSFVDIELAEPSKQVITQSNAPKEIQKPTEQIDIEKLFAQTTNKTVKTEDIDQKASNFNELFGNIKEIQEEKTTKIQSSAKSGASSAPKPQASELVKQLNDSLLQEESSTQGESTKAQKIGIYDEFLGKVVRIITQRWTQYYPNSEKISVKVKIFIDENGKFGYTSVEKSGNPLYDAKVAEFLESQKGKFITYPPQNKNISITMNLRDEAKVKND*
iron_aquisition-siderophore_transport,ST-45.fas,FpvE-family-permease,56477_168,MLEILNFTFFQNALLGAILVSIACGIIGTLVMINRLFSMAGGITHGAFGGIGIAFYFSLPILLSTGIFTLFLAFLVAFLAKHYEHRSDSIIAVIWAFGMAVGIILIDLSPSYNTDLMAYLFGSILAVGTQDLWLMALVDSVVVLLIFLFYRQFEALSFDAEFAKVRGINTSFFHYLLIALMAFCIVISIRLVGLILVMALLSIPSFIAENFTKRLGFIMILASFLSMIFCVLGLILSYYLNLSSGACIIAVACFGFLAHLIGKFLKR*
iron_aquisition-siderophore_transport,ST-45.fas,FpvC-family-siderophore-transport,56477_170,MKKIILFILSLGIFYTFTQAKNLEQEQNTSSNLVSVSIAPQAFFVKKIAADTLDVNVILPPNSNEHNFEFKPSTMKKLEKSDIYFTIGLEFEKVFTDKFKQNFPKLQVVNMQKNIALIQTHDIHEHSHEHEEHEHFDPHTWLDPILVQTMALNIYDALIQKYPQNKNLYKQNLDKFLAELDSLNLQIASKLEKLKNREFVVYHPSWTYFAKRYNLTQIPVEILGKEPKSKDLQKLITLMKDKNLKVIFVQNGFPENAAKTLAKECDAKIYKIDHLSYDWENELLKTADAFSRNL*
iron_aquisition-siderophore_synthesis,ST-45.fas,PvdE-family-siderophore-synthesis,56477_1333,MPFIIELLKQNKLKLISFLLFSFITSAVGVLTLVFINDYLLKNAQNIPIFYFIVLLLIFFISSTIVELGLSIFGQNFIFKMQRRVVKQILDTPLLRVAKVGKARILASLGSDVRNISFGLLRLPDFLQSSILILCTSVYLCYLSPQIFVLCVVWIMVIFITNNFLMMKVYQYFRKARENDDALQNNYQNILDGHKELLINRDRAKLYYEDEFENNARLKKKNSTLGNLFNNLSNNWTNVTLLALVGVEFYLALKFEWASVADATTIALSILFLRTPLVSMIGSFPTLLLAKIALDKIAKLELDDYIEGFKKTHYISEWKKISFRNTQFAYEENFHLNPVNIELKKGELVFLIGKNGSGKSTFCMLLTGLFKPSKGGIYVDDTLIDDKKLDEYRSLISAVFSDFHLFTKTLNKENFASEEKIAFWLEFLELKDKTSVKDNELTLTKLSTGQKKRLAMLIALLEERDILVLDEWAADQDPVFRRFFYKKLLPLLKEQGKTIFAITHDDAYFDSADRIFLAQNGEISELKGENIKELAKNLVEKFD*
iron_aquisition-siderophore_transport,ST-45.fas,FpvE-family-permease,39865_169,MLEILNFTFFQNALLGAILVSIACGIIGTLVMINRLFSMAGGITHGAFGGIGIAFYFSLPILLSTGIFTLFLAFLVAFLAKRYEHRSDSIIAVIWAFGMAVGIILIDLSPSYNTDLMAYLFGSILAVGTQDLWLMALVDSVVVLLIFLFYRQFEALSFDAEFAKVRGINTSFFHYLLIALMAFCIVISIRLVGLILVMALLSIPSFIAENFTKRLGFIMILASFLSMIFCVLGLILSYYLNLSSGACIIAVACFGFLVHLIGKFLKR*
