family name,gene sequence,sequence
cfbpB,48,MYKTLKYYKLGAILLALFLALPIFGIFAELFYILFQNFNTSDLTQFSSIKENLSHFFDYLFLKFIKDTFIISMGVLCLSLILGVSSAYLIANYDFYFCKILEKLLILPLAIPAYILAFVYVGIMDFQGFFHENFGFRIDFFNHYGVIFVLAISLYPYIYLFAKTAFKSEAKEAYEVAKIMKYSEFRIFTRVALLSARPAIFSGALLVLMETLSDYGASAYLGVDTFSAGIFKLWYDLNDSYSSSVLSGILMLFVFLIMYVDYYYKNKHHYSFNQNLALFIKKRKLNPIKQILSCIYCFMIAFVGFILPFIWLVYWGLKDHKLFESQFYIISFQTIILALITALITTFLAYFLMFSSRIVKNHFFNLFILKISSLGYSIPAAALGISIIVLFVFLDKFFHMSLLGNSLLVLVFAYIIRFLASAIYSLEGGYNKIHLNIDEASLNLRTSYFILFFKIHTPLMKHFLFLAFIIVFIDTIKELPLSRILAPFGFETLSVKAFWFASDERIYDAALPSLFIVFLSLMVVVWMDKITRKDDVRN*
exbD3,48,MPFDDEKPELNITPLVDIMLVLLAILMVTAPSITYEEKINLPQGSQKNTSTPTVKSLIISINAKKEIFLNQEKYDFISFADNLAQRKAQFNTEDPVFIRADKSLKYDDVISVLRSVKNLGFNKVALQTE*
Cj1397_sequence,YP_002344780.1 ferrous iron transport protein [Campylobacter jejuni subsp. jejuni NCTC 11168 = ATCC 700819],MTLNELKDGQKAIIVNLNAHKELKNRLLSFGFIKNKNLKKIHSSLKNATIMVELDTSCVILRSDEAKTIEVNLI
cfbpA,48,MKKIFFMFLTAVSFLGASELNIYSARHYNADFEIIKKFEEKTGIKVNHTQAKASELIKRLSLEGSNSPADIFITADISNLTEAKNLGLLSPVSSKYLEEFIPAHLRDKDKEWFAITKRARIIAYNKNTNIDISKMKNYEDLAKAEFKGEIVMRSATAPYSKTLLASIIANDGNKEAKAWAKGVLENLATNPKGGDRDQARQVFAGEAKFAVMNTYYIGLLKNSKNPKDVEVGNSLGIIFPNQDNRGTHINISGIAMTKSSKNQDAAKKFMEFMLSPEIQKILTDSNYEFPIRNDVELSQTVKDFGTFKEDQIPVSKIAENIKEAVKIYDEVGFR*
P19,48,MIKKVLSVVAAAAVISTNLFAGEVPIGDPKELNGMEIAAVYLQPIEMEPRGIDLAASLADIHLEADIHALKNNPNGFPEGFWMPYLTIAYELKNTDTGAIKRGTLMPMVADDGPHYGANIAMEKDKKGGFGVGNYELTFYISNPEKQGFGRHVDEETGVGKWFEPFKVDYKFKYTGTPK*
CeuD,48,MIKLKNITKFYDNKVIISDLSLDFHKGKITSIIGANGAGKSTLLALASRLIKPSSGEIYIDGMNLKNYKEQILAQKISILKQQNNINLRLKVEELVAFGRFPHSQGRLNTNDKIKINEALEYMELSNLRNEFLDTLSGGQKQRAFIAMIIAQDTEFIMFDEPLNNLDMKHSVQIMQLMKNLVKDFNKSIAVVLHDINFASIYSDEIIALKDGKLLKQGSKDEIINQENLKQIYDMDIPVSQINGKKICIYF*
cfbpC,48,MLEIKNLSKNFGKIQALENINLHVKEGEFLSILGGSGSGKSTLLRIIAKLEQASSYDLFSCKGEVALMFQNYALFPHLNVEKNILFALYDKKDKNQILNHLLKTFEIEDLRYKKIDEISGGQAQRVAFARAMARGCKLLLLDEPFSNLDQNLKQDLRRELKKMIENQGITAIMVTHDIEDAYCMSDQIAFLEKGKILAHANPKELYFKPDFKSAQILPDLNIIEEKLDLEDEFFAWIASKNYIFGYAELKIGNRFEAKILQKEFLGAFCRLKLLYKNIIFFILVSSSYDLEEKISFDIINF*
chuD,48,MKKILIIMSLFLIALNAKERLVVLDPASIETLFMLKAEDQIVGIATLQHSNIYPKDQTSKLTSVGTFSNPSLEKIVALKPSLVILSSYSLNLEEGLKNFGIKSINLKAERLEDITKNITTLGQITKKEKEAELLKQEFNQKFKKLSDKPLNKSAIYLYSSNPLMAFNDNSLIADILRLIGIKNLSPQSQISRPVISAEYILKQNPDILILGINAKNNLLDTNALLKNTKAVKTGSIYFNKDTPILLRLSPKIIDRIQEFKTKLENNNF*
tonB3,48,MKTFISNHKNQSSFITLFVFTPLFFVFLYSKDFLHIQPNETIKENKFNMAIKHFVQNSSDMKPTQPTQTIQEPSNVQPKEPVQEIKKIKPRKEKPIAKPKKIIPPANAKAISQPKKDTNMQQQTPQASSYQSVSLTSNSELLKEIKSAIDEALIYPRQARKMRMSGEVLVEFTWTKEKKLENLKILKPSKYDFLNKSALETIRIASKKFPQYEKTFHIKIPLVYKLS*
chuB,48,MLNLNTHSKILVIIGLLVAYIIASFTALCLGDENLNPKELFSYIFSQDEILRQIIIDGRLPRIIMAILIGMLLASSGAITQNVFSNPIADPYIIGIASAATFGAVLAYLLKLNDYYYGILGFVCSAFFALGVFKISSKASIATLLIIGIAASSFLGAFTSFFTYLIGEDSFKIVAWLMGNIGNASWFRVGILILPLIFCLFYFYAHKNELNILLSGDDEARNLGVNAQKLKINLLIVSSLAVSFAVAFSGLIGFVGLIIPHTIRLLLKNYNNALVIPLCTAFGGLFLLICDTLARTLLAPVQIPIGILTAFFGAPIFLYLALSARRFL*
ctuA,AWB39800.1 transferrin-bound iron utilization receptor [Campylobacter jejuni],MKKLSLFCAVGLCFASFAFSEELEFDSLEISGSKIKNDEKPFVTPGATSTREGIGSDTQSIDSIVRSIPGTYTNTDQAQGTVQVNIRGMSGFGRVNTMIDGVTQTFYGSASDDPARFHSQTGTSAFGAVIDTNFLIGVDVTRGTFEGVGGANALMGSANFKTIGINDIVHDGNIFGFLGRFSYGSNGIGPSYMSAVAGKTELENNGYVGALFGYSAKRITQNYTVGGGGKIGSSMVDTDGDGIADTNIAPFDPDFLTQKPNSQLFKLEYVPNSFTNTIFSYRRYQNELAGRKIHNDNYQLDFWHNPNEWLNVNTLIAYNQGIQTYGSKSTFAANDAIANTKAKNTATTFDISDTLEGEWHRFNLNIRFGANILLNDYKNTLNTSIQGVNSIPFQPRGKQNLFTYYLDNSLNYGIFTLDTNVNLLDWNIKGHRPACDEVNFMCFPKAATDIDKNGLRLNASVMLSAAIHELITPFVSFARTNRAPNVQEMFFSNNEGNGINSFLKPEQANTWQIGFNSFKHGLLKDDDRFGFKAVYYHTKIKDYIYNEQFYLEDPSKDPPSSQFYMHLNSADDTIFKGVELELSYDLGFAYAKAMYSRQDTSSTISQTSGPLLGSFSASKIMELPKDYANVELGFRLNDKISFGGIAKYTGKAKRVNPNTDDWNKDPNNPYYPKPTTQDLPKIPIIVDLYWNIEWFKNLTMRAEVQNLFDKNYMDALNAYNSLDNQLQYNGAGDPIYLFSNSARGRTFIVSFEYKY
tonB1,48,MKSSVIFGFVLSLILHTLVLMFFLFSFYTQEKSSGVDFKQGAEFTSIMMVSEFPIGELKEVSIDQKKSNSQDKNKKQDERISFNSQDKNAVLKVQKKIEKQDENQAQKEIANASENSKFKNESLSAPLQSNKDKTQTIVSGNAKEQVKSYQALLMAHLTKFKKYPQEAIMQKQEGVVRIRVSIDESGNVLSKELKKSCPYAALNDEALSLFKRASPLPKPPKEMLKNGDKISFVMPIDYNIKDYLGKK*
exbB3,48,MNFEAIFHFFNSSSIITYIVLLWLSLYFILAFSILFARLTYLATWRNKEKESLETLLLGEKDLSRTDSILRKCNDTTSNHLEIYKNLASRRASAGLTWLSIIASTSPFIGLFGTVISILETFGGLGTQNSLSIIAPKISEALVATGCGILVAIPAYTFHLIIKRKAFELLSIIDSEIKVISSSK*
CeuB,48,LFFKHILSLKVLIALLLFFGMISLFIGVISINVKDILNLNSTQLEIITLTRIPRLIAILLTGMSLSICGLIMQQLTQNKFVSPTTAGTMDCAKFGILISLIFFTGASFFTQAIIASIFALLGSFIFIQILRKIKLKDVIFVPLIGLMFGGIISAITTFFAYALNYIQNIQGWLQGSMANVMQGNYELLYISLPLFILAYFLAHKITIVGMGEDIALNLGISYNGILFLGLMIVSIITSLVIVSVGIIPFLGLIIPNLVALYLGDNLRKNLIYIALCGALFLLVCDIISRLVIFPFEMPLSITTGVLGSLIFIFLLLKRKVYA*
Cj1376_sequence,CAL35488.1 putative periplasmic protein [Campylobacter jejuni subsp. jejuni NCTC 11168 = ATCC 700819],MKKILFLFCSFFLAFAKPSLEIPKLSKQAKQNFILENVKFNYNGTIYKIFIAKNKNENSNYKYKIIYLLDGNAFFPLFLNLFNTPVKENLLIIGIGYDNNLAFDTQKRTKDYTPTTNLNKQGGGSKEFRNFLITQLIPYINKMYPIDFSHQILFGHSFGGLFAIDTLLYDSKIFSHYFIISPSLWWDNSEFLPNIIKLQTCPKIYIGLGSLETNSSIIKGVAKLNAQKLSEKISKETNCKTHFKLFKNETHGSVISKAMLWMKKLLDLN
chuC,48,MLKIHNLSFAYHQKDLLKNIHLELKNQAFIGILGPNGSGKSTLLKLILKNLSPNKGVISLFNTNIKDFSLKEFAKICGFVPQKSELNTPLKVIDVLLMSKYPNLKHAFSSYSKEDILEIKEFAKDLRLENFLERSILSLSGGEFQRMLLARALLKKPKILFLDEPTSALDLNYAIELLNLCEKLVKEKNIAVVAILHDLNLASIFCDKILFLKEGEIKYFGTSKELFTQEILKEIYDLNCEIIYKNSKPYILALKEKK*
exbB2,48,MEFLKDYIDLIIFLILGIMAFIAFWCVVERMLFFRKINFKNYENQEQFDDAISENLTTIYIIYSNAPYIGLLGTVIGIMVTFYEMGLAGNIDVKSIVVGLSLALKATALGLLVAIPALMAYNALLRKVSLLSNAYKANKNA*
exbB1,48,MLKKCFYFVFLLLNLNAEANATDTNLSFDSSKIETEAPKIELSLSSLYQNADEVVKGVIYILVLFSILAWAVFISKLMQFYFMKKNLDLSIQKIKELKNLNELDQTKDFAGVLSLEIQDELEKSEYKNDHIKERIELRLQNTISKQITASKNGLSLLASIGASAPFIGLFGTVWGIMNAFIGIANLGNASLAVVAPGIAEALFATAFGLIAAIPAVLFYNYLTRKNLKLMHHLDELANFVYILFHRSYFNDKN*
chuZ,AWB39496.1 iron-responsive cellular heme oxygenase [Campylobacter jejuni],MNFESIISHMNDHHKSNLVDLCKKFGGIEQVQDVFLKSVDFNGLDLVYNDKENLRVEFPKKADENTIKDAIISLCMSAKSEQNFSGVEKELNEFMLSFNSVALATLNANGEVVCSYAPFVSTQWGNYIYISEVSEHFNNIKVNPNNIEIMFLEDESKAVSVILRKRLRYRVNASFLERGERFDQIYDEFEKQTGGEGGIKTIRKMLDFHLVKLEFKKGRFVKGFGQAYDIENGNVAHVGASGNPHKFLHKH
Cj0177_sequence,CAL34346.1 putative iron transport protein [Campylobacter jejuni subsp. jejuni NCTC 11168 = ATCC 700819],MKFYTILSILFISFMLSACAVLQKSSPLQENKDFYILDTHTQKKISFEDMILELLKADVILLGEKHDEVKHKISQVMIFNALEGNLSSQNINFDVALEMLASTEQNHLDKAFKNKKTIKANELTNALNWDKVWKWKDYEQFVNVVFYSKSKILGANLSRSEITSIYNGAQPLKGYVSTTNEVKKQLFDIISLSHKLNPEENKELLDKLVEIQQFKDRRMADVLVHHVNKVLLLAGSYHTSKKIGIPLHIQDFKSSKKIVVVNLSYGEIDLKDSDYVLIYKGEE
tonB2,48,MKTLFLNHKYQASYITFIVFIPLLFVIFHSNDFFKMEIKNEDSFSLAIKQFTQTNPTNETKPTESIIEPIKPKPQPKVIKKTPEKMQKKIKKTPPHPIPNKTPIAPTQEVKTFAKTTDTNVKPKITQLTQGKDNHPVLKEIQKAIQQAQFYPRQAKKMRMQGTVKVEFLWKENKTLADLKIIEISGYDLLDKSALESIRKASLNFPHYNGDLRITLPIIYDFKTLRG*
CeuC,48,MRKKMLILSFLTLNMIGIFIFVGLNGFDEYALKSRFLQIAAIIIVAICIAVSTVIFQTLCNNKILTPAIIGLDSLYMLLQSALIFSFGAANLSVYKNDINFLITLVCMVVFSLGLYKILFSSDRSIYLIMLLGLVFGTLFSTLSSFFEVLIDPDEFMVIQGRMFASFDNIAFDVLILAYIISFLSFIWIFRYMKFLDPLNLGKDLAINLGINYQKISKQLMIIIAILTSISTALVGPITFLGLLVVNITYELFKTAKHSILLSACILISILALLGGVFFVSRVFDYNATISVVINFLGGIYFIYLVLKGNKL*
Cj1658_sequence,YP_002345026.1 iron permease [Campylobacter jejuni subsp. jejuni NCTC 11168 = ATCC 700819],MKIFKIIFLIISIFLSSSAFARVDDYINEANLIKDMLKQSIETYKKGDNLGAKKLSEDAYFQHFENMEGSIGRNIGRKAITMERKFVNLRRMYKDEAPLTQINALIDSLYYDLDEVAPILQNGYRLKAEASDINYDKAKAEKSSLEANAKREADAEALIAQMMGVDKKDLAQSSLTTQAPIPINNDTSKLTDDNASTDLQAAAAMDVRLQFILDNISTKFSQAANAFKEKNYQTSKDFLNDALFSDYRNTKVEILVNKFTKAGNDQKIQQAIRTLIRQINDAKIDEKGLRDGLDNIEEQIFDVFLQIPNSELSSLQISGFNDETKGKDYAKVSNDIKLALDEILKNYDGFSASIVDDLQGIYLDIFEASGMENKIGAVDSGLKLKIESLFSKSVALIKASTDKKELEATFNDLEQLIASSVDKIQDSTPYSLFIWALGIILREGLEALIIVVAIVSYLVQSGNKNRLNIAYSALFTGVILSFVTAFGVSWLFKENAGQSRELIEGITMLIAVLLLFYVGFWLLSNAQNKKWTSFIKQGAIDAISNNSAKTLWITVFLAVYREGAETVLFYQALLFDAKTSTDFGAVFGGLGLGILILIVLYFLLKAGAIRIPVKQFFYITSYIIFYMVFVFTGKGIAELIEGKVIIPSLIPMNFEPILWLGIYPYYETLIPQFIVLIMLIIGILITKQISKKGVKS
exbD1,48,MIKTEMAHKEEELSEINITPFIDIMLVLLIVFMAVTPLITSSIKIELPKSSQQAEDKLKNPIILYLNTDNTLAINDDKLSLENLSSALDIKTKGNKEEIIYFHIDKSVKYEDIMQVMQKLKENGYGKIALSSKKMD*
cfrA,48,MKKICLSVCAIGLLSSNAISQNVELDSSIVSASGFTQDIKEAPATINVITKKELQSKPYRDVAEAIADIPGVDLYASKGKTGSYNITMRGITGYTLVLIDGRRQGIGGEVGPNGFNEISNSFLPPISSIERIEVIKGPMSTLYGSEALGGVVNIITKKVSDKWETSVSLDALLNENKDWGNTYGTSIYSSGPLMNDKLGLTLRFREFYRQQSNVEFTNGSGQRVQGDQAQSPTKANNFNIGTRISYLANDYNTFIFDIDFSRNHYDNKQGQLGTITSPGRTPGSLTGGYADIMEVDKFVTYLSHEGVYENFSITSGLQYNRVSNDGREVVGQSTQPFLGENRDIVAEDIILDTKSVIPLGQSHILSVGGEYRLEKMQDKIASPTNFDQYLLAIFAEDEYSIKDDLRLTFGARYNHHEIFGNNVSPRAYVVYNPTNELTLKGGVSTGFRTPYANRLINGTYSYSGQGRFPTYGNPDLKEETSLNYEIAAIYNNDLFYVSATGFLTNFKDKISSQSYNNSEPIPGIGTCDADRCSRAINHGKVEYKGVELGAGISPLDNLNVNFAYTYLDTEVKEAQDRSVIGKPEQDSLKHNIMLKTEYSFYNKITPWIKGEWQIDRYMGDTNINREYYKDIFLASMGVRYDINKQWSINAAIYNLFDKSFTNGWESYASGSGSTWVNTYNRIEEGRRMYISINGNF*
exbD2,48,MLKLPKNEGLNIVPFIDIMLVLLAIVLSISTFIAHGKIQISLPSSENATNISNNEKKLLITIDEKNTFYLNDKLADLNEVQNAIFSLDKKTIVELKSDKNAKFESFVKIIDFLKAKEHENFQILTEKNK*
cfrB_11168_sequence,ADF43014.1 ferric enterobactin receptor [Campylobacter jejuni],MILNIKIIIFKGINLTQIKNIKFKKSLLCFLILSGALLKAEEKYQLNDVVVSASGFEQDLVDAPASISIITKEELEKKPIKDIGEAIGDIPGVDVTMNKTGTYDFSIRGFGSSYTLVLIDGKRQSVANGFYDNGFSGSESGYLPPLSMIERIEVIRGPASTLYGSDAVGGVINIITKKNPDKIEANIEFNTLLQQHSNHYGNAGGFNAYVATPLIEDTLSISARLKYYDKAASDLKWPTPVWNNNNQRPDNYQIASHSPGAFTSLGFGSRLNWTVDDKNNIYFDIERYINEISVNSTSSRAIKSERQLFKDNIVLNHDGNYDFGSTNSYLQYGSTKDKELHSQIWVGEGKVVLPWNLGQYGNLVNTFGARIDYEILKNDQASAGSQIRGKNLDQTTVALYGENEYFITDDLIFTTGLRYIYSDLFDSEFTPRVYLVYHLNDNIALKGGVSKGYKTPAAKELTNGYYNYANNNAYFGNPDLKPEESINYELGVDFRIFDFAHYSITGFITDFTNQISSEDLTGTQNGISCSNGTVCTRPINLGKTQTKGIEFAFNTKTYNGFSLNSSYTFMDNRYKDGQKNWFGGDRIENLPRHIAMLKLNYERGKFNSYIKTRARLDTIAKAKGGGNGSLPWQKYKPFYIVDLGINYKINKQSSLSFAVQNLFDKNFFDPQVTKWAGANPAGYANRYQDYTEGRNFWLSYKYDF
FeoB,48,MKKIKIALVGQPNVGKSLLINALCKANMKVGNFSGVTIEKASAKTFYKNYEFEVIDLPGTYSLDGYSEEEKITRHFLNQNDYDVIVNVLDATNLERNLILSAELLSLNKKMLLALNMCDEAKKEGIELDTSILSQEFQSQVVEISAKTKENLELLLQKIIILFESKFIPRSQFYTPLCEKSPEKEDLLYFINELSKKIITHKKEERNLTKKIDALLIHKFFGLPIFLFLMWLLFQLTFSLGQIPMDYIESGFNTLGEFVKNNISNTFIASALADGIIAGVGAVILFLPNIMILFLGIALLETTGYMSRVAFLLDGILHKFGLHGKSFIPLITGFGCSVPAFMATRTLKNKRDRLLTLFVINFMSCGARLPVYVLFIGAFFPSEKAGNYLFGIYILGAILGLCAAKFLRMTAFRGLDEPFVMEMPKYRMPNWHLVWFMVYNKAKMYLKKAGTFILLASLLIWFASNFPKSEENLNDFNAQERAIEQSYLGQFGKGIEPIFQPLELDWKLSVSLISGLAAKEVMISTMGVLYSLGKDVDETNNDLKGIIAKNIPIPSAVAFILFVMIYNPCFAATIVFSKESGKLKYTLFLFLFTCTSAYIVAFIGLHIAKILLN*
cfrB_81-176,EAQ73281.2 TonB-dependent receptor  putative  degenerate [Campylobacter jejuni subsp. jejuni 81-176] ,MILNIKIIIFKGINLTQIKNMKFKKSLLCFLILSGALLKAEEKYQLNDVVVSASGFEQDLVDAPASISIITKEELEKKPIKDIGEAIGDIPGVDVTMNKTGTYDFSIRGFGSSYTLVLIDGKRQSVANGFYDNGFSGSESGYLPPLSMIERIEVIRGPASTLYGSDAVGGVINIITKKNPDKTEANIEFNTLLQQHSNHYGNAGGFNAYVATPLIEDILSISARLKYYDKAASDLKWPTPVWNNGNQRPDNYQIASHSPGAFTSLGFGSRLNWTVDDKNNIYFDIERYINEISVNSTSSRAIKSERQLFKDNIVLNHDGNYDFGSTNSYLQYGSTKDKELHSQIWVGEGKVVLPWNLGQYGNLVNTFGARIDYEILKNDQASAGSQIRGKNLDQTTVALYGENEYFIADDLIFTTGLRYIYSDLFDSEFTPRVYLVYHLNDNIALKGGVSKGYKTPAAKQLTNGYYNYANNNAYFGNPDLKPEESINYELGVDFMVFDFAHYSITGFITDFTNQISSEDLTGMQNDINCSNGIVCKRPINLGKTQTKGIEFAFNTKTYNGFSLNSSYTFMDNRYKDGQKNWFGGDRIENLPRHIAMLKLNYERGKFSSYIKTRARLDAIAKAKGGGNGSLPWQKYKPFYIVDLGINYKINKQSSLSFAVQNLFDKNFFNPQVTRWDGANPAGYANRYQDYTEGRSFWLSYKYDF
chuA,48,LHPNKKAFKLSLFALLLITNLNAQESNKAINLQKVVVSTTGFEQDADSNLRNVISIEGKDLQNKGYVSLEQALERISSISFVNFGLGRNIDMRGQGNKSNIAVKVMIDGHAINVLDNSHGVTPLDSINLDNVERIEIIPGGGSVLYGSGTRGGVINIITKKQKSDAFAINLKSSAYDHGGLGGNLGINGAKQINENLAFSFDIQSFNLDGYQEGYNEKGYFINTKTYIDINDNSDLTLGYNYFKSKNTSSGYLTKAQAQSDPTQKGKSDNITQINRPEISLDYHYYFDDIWEFNLEAFWQNQKINYLKDVSTMSYMNMSLPVYQNGSGFEDTLTGISLKNKLNYANNSYFIFGYEFANHDAKRKSLVYYSVPSVINYHRMTTLIDMTKQSHSIFALDSHNFNEFFTLSGGARYEFSSYNTDRSYRNEMSMNGRPPSPTIIDSTTLFDTNKNANNFAFEITPNFKYSDTGKLYIKYERGFVSPSPAQFVNKDKNSQKYYSANLNPEIFDTFELGIDDFWWDFYGFNLTLFYTLSKDEISYLGNPHSTSGSWWKYYNIDQTRRLGVELSLSQNFLDDDLIFRESLTYLDAKISKGVNDGMRIPYVSKIKATAGLEYAWNKNFSNFIDLTYFSRAKDGGTIDENTGKMSKNSWIRDYFLTDIGMKYNYKKLQILAGIRNLFDKRYYTYQDSINDQYLVGNGRNYYVEFKYAF*
CeuE,48,MKKSLVFAFFAFFLSLILTACNSNSNENNASSTTKTNTATVKVLPISMSDEGDSFLVKDSLGENKIPKNPSKVVILDLGILDTFDALKLNDKVVGVPAKNLPKYLQQFKNKPSVGGVQQVDFEAINALKPDLIIISGRQSKFYDKLKEIAPTLFVGLDNANFLSSFENNVLSVAKLYGLEKEALEKISDIKNEIEKAKSIVDEDKKALIILTNSNKISAFGPQSRFGIIHDVLGINAVDENIKVGTHGKSINSEFILEKNPDYIFVVDRNVILGNKERAQGILDNALVAKTKAAQNKKIIYLDPEYWYLASGNGLESLKTMILEIKNAVK*
